,index,hruId,latitude,longitude,geometry
0,0,1013500,47.0120011970304,-68.56478698373036,POINT (-68.56478698373036 47.0120011970304)
1,1,1022500,44.797347109137796,-68.07248728731587,POINT (-68.07248728731587 44.797347109137796)
2,2,1030500,45.80551415254027,-68.15031096168407,POINT (-68.15031096168407 45.80551415254027)
3,3,1031500,45.23612859615723,-69.57795198947241,POINT (-69.57795198947241 45.23612859615723)
4,4,1047000,44.98844796521296,-70.16217207109301,POINT (-70.16217207109301 44.98844796521296)
5,5,1052500,44.96163380340669,-71.17016945054907,POINT (-71.17016945054907 44.96163380340669)
6,6,1054200,44.31023950335912,-71.05418769694587,POINT (-71.05418769694587 44.31023950335912)
7,7,1055000,44.761836307022065,-70.62197878703228,POINT (-70.62197878703228 44.761836307022065)
8,8,1057000,44.3346560296926,-70.60376735749905,POINT (-70.60376735749905 44.3346560296926)
9,9,1073000,43.18706694289189,-71.01155403276424,POINT (-71.01155403276424 43.18706694289189)
10,10,1078000,43.5613983246513,-71.89192658923476,POINT (-71.89192658923476 43.5613983246513)
11,11,1118300,41.46884929497511,-71.8125,POINT (-71.8125 41.46884929497511)
12,12,1121000,41.87274313597622,-72.18583110485267,POINT (-72.18583110485267 41.87274313597622)
13,13,1123000,41.75346786619966,-72.06250000000001,POINT (-72.06250000000001 41.75346786619966)
14,14,1134500,44.57961568003677,-71.80198343107175,POINT (-71.80198343107175 44.57961568003677)
15,15,1137500,44.26111595016185,-71.47506115214316,POINT (-71.47506115214316 44.26111595016185)
16,16,1139000,44.220548804718135,-72.21201969302516,POINT (-72.21201969302516 44.220548804718135)
17,17,1139800,44.06341576174918,-72.35677953761034,POINT (-72.35677953761034 44.06341576174918)
18,18,1142500,44.00660253554726,-72.67951460876633,POINT (-72.67951460876633 44.00660253554726)
19,19,1144000,43.885462087082416,-72.66176441397621,POINT (-72.66176441397621 43.885462087082416)
20,20,1162500,42.75738599108208,-72.14800788649296,POINT (-72.14800788649296 42.75738599108208)
21,21,1169000,42.73710007297469,-72.77154113293851,POINT (-72.77154113293851 42.73710007297469)
22,22,1170100,42.78731339105522,-72.70672757165534,POINT (-72.70672757165534 42.78731339105522)
23,23,1181000,42.30381522368846,-73.03402818810876,POINT (-73.03402818810876 42.30381522368846)
24,24,1187300,42.06310741490676,-72.96418353736752,POINT (-72.96418353736752 42.06310741490676)
25,25,1195100,41.3125,-72.5625,POINT (-72.5625 41.3125)
26,26,1333000,42.64225036217065,-73.23279275233818,POINT (-73.23279275233818 42.64225036217065)
27,27,1350000,42.25552723825146,-74.26863807113821,POINT (-74.26863807113821 42.25552723825146)
28,28,1350080,42.4154166979719,-74.34180971034932,POINT (-74.34180971034932 42.4154166979719)
29,29,1350140,42.4375,-74.5391660215017,POINT (-74.5391660215017 42.4375)
30,30,1365000,41.921876393164624,-74.41858975186287,POINT (-74.41858975186287 41.921876393164624)
31,31,1411300,39.35488426279769,-74.838022363227,POINT (-74.838022363227 39.35488426279769)
32,32,1413500,42.202261730827665,-74.55964498096785,POINT (-74.55964498096785 42.202261730827665)
33,33,1414500,42.0625,-74.64596761337309,POINT (-74.64596761337309 42.0625)
34,34,1415000,42.18457920088983,-74.80681664377084,POINT (-74.80681664377084 42.18457920088983)
35,35,1423000,42.289447802975246,-74.87754890293508,POINT (-74.87754890293508 42.289447802975246)
36,36,1434025,42.051274818243634,-74.4422613195583,POINT (-74.4422613195583 42.051274818243634)
37,37,1435000,41.958455481575434,-74.5053708996626,POINT (-74.5053708996626 41.958455481575434)
38,38,1439500,41.213990624720076,-75.09863483439374,POINT (-75.09863483439374 41.213990624720076)
39,39,1440000,41.21172976914457,-74.79807639033362,POINT (-74.79807639033362 41.21172976914457)
40,40,1440400,41.1827295396475,-75.236954539067,POINT (-75.236954539067 41.1827295396475)
41,41,1451800,40.66543775919961,-75.68044295413497,POINT (-75.68044295413497 40.66543775919961)
42,42,1466500,39.8666948539262,-74.45739960779444,POINT (-74.45739960779444 39.8666948539262)
43,43,1484100,38.93533098145651,-75.5625,POINT (-75.5625 38.93533098145651)
44,44,1485500,38.300281213524904,-75.45750629135462,POINT (-75.45750629135462 38.300281213524904)
45,45,1486000,38.1875,-75.67363261682766,POINT (-75.67363261682766 38.1875)
46,46,1487000,38.80185065608497,-75.5630639317782,POINT (-75.5630639317782 38.80185065608497)
47,47,1491000,39.08429678279888,-75.71047871538231,POINT (-75.71047871538231 39.08429678279888)
48,48,1510000,42.68426671287769,-75.80918196654736,POINT (-75.80918196654736 42.68426671287769)
49,49,1516500,41.79515758968199,-76.9448780459305,POINT (-76.9448780459305 41.79515758968199)
50,50,1518862,41.9305295770187,-77.62212923811222,POINT (-77.62212923811222 41.9305295770187)
51,51,1532000,41.65999048488946,-76.69275194076171,POINT (-76.69275194076171 41.65999048488946)
52,52,1539000,41.236793305574494,-76.3418636775784,POINT (-76.3418636775784 41.236793305574494)
53,53,1542810,41.592099887880565,-78.3125,POINT (-78.3125 41.592099887880565)
54,54,1543000,41.53937203022308,-78.30037847554645,POINT (-78.30037847554645 41.53937203022308)
55,55,1543500,41.40319824528916,-78.35921512252878,POINT (-78.35921512252878 41.40319824528916)
56,56,1544500,41.58729334141896,-77.72101712567155,POINT (-77.72101712567155 41.58729334141896)
57,57,1545600,41.46801298385695,-77.64985440781636,POINT (-77.64985440781636 41.46801298385695)
58,58,1547700,41.05608040340233,-77.74328772509108,POINT (-77.74328772509108 41.05608040340233)
59,59,1548500,41.71056887953197,-77.5100971794894,POINT (-77.5100971794894 41.71056887953197)
60,60,1549500,41.50371911373712,-77.13201107444766,POINT (-77.13201107444766 41.50371911373712)
61,61,1550000,41.52883329196671,-76.9519526620756,POINT (-76.9519526620756 41.52883329196671)
62,62,1552000,41.465957152795234,-76.60364545966763,POINT (-76.60364545966763 41.465957152795234)
63,63,1552500,41.373238680407226,-76.46676800876456,POINT (-76.46676800876456 41.373238680407226)
64,64,1557500,40.736310137930914,-78.2120337080375,POINT (-78.2120337080375 40.736310137930914)
65,65,1567500,40.409445053291016,-77.43918092040659,POINT (-77.43918092040659 40.409445053291016)
66,66,1568000,40.31914938814961,-77.4071874270477,POINT (-77.4071874270477 40.31914938814961)
67,67,1580000,39.69634597868631,-76.53189807409868,POINT (-76.53189807409868 39.69634597868631)
68,68,1583500,39.53813082860198,-76.76679949837366,POINT (-76.76679949837366 39.53813082860198)
69,69,1586610,39.478346956452064,-77.01809894971547,POINT (-77.01809894971547 39.478346956452064)
70,70,1591400,39.3125,-77.0625,POINT (-77.0625 39.3125)
71,71,1594950,39.3125,-79.4375,POINT (-79.4375 39.3125)
72,72,1596500,39.63240172013176,-79.05802169291414,POINT (-79.05802169291414 39.63240172013176)
73,73,1605500,38.52420048286041,-79.45514879590844,POINT (-79.45514879590844 38.52420048286041)
74,74,1606500,38.69908178335125,-79.41846127998153,POINT (-79.41846127998153 38.69908178335125)
75,75,1613050,39.9375,-78.1875,POINT (-78.1875 39.9375)
76,76,1620500,38.37415607133567,-79.29844989031409,POINT (-79.29844989031409 38.37415607133567)
77,77,1632000,38.701862267866794,-78.9603621198124,POINT (-78.9603621198124 38.701862267866794)
78,78,1632900,38.54213813078142,-78.72673513658182,POINT (-78.72673513658182 38.54213813078142)
79,79,1634500,39.06954719157598,-78.45011654516638,POINT (-78.45011654516638 39.06954719157598)
80,80,1638480,39.19894784110569,-77.67272436689652,POINT (-77.67272436689652 39.19894784110569)
81,81,1639500,39.649597687727734,-77.05366808434076,POINT (-77.05366808434076 39.649597687727734)
82,82,1644000,38.994884843952846,-77.80411051305599,POINT (-77.80411051305599 38.994884843952846)
83,83,1658500,38.58114456145303,-77.43750000000001,POINT (-77.43750000000001 38.58114456145303)
84,84,1664000,38.67591742320696,-78.06364764820458,POINT (-78.06364764820458 38.67591742320696)
85,85,1666500,38.43146012713141,-78.2393464258236,POINT (-78.2393464258236 38.43146012713141)
86,86,1667500,38.35686997559379,-78.2688815792612,POINT (-78.2688815792612 38.35686997559379)
87,87,1669000,37.86534423794903,-76.96336518175204,POINT (-76.96336518175204 37.86534423794903)
88,88,1669520,37.745622243396426,-76.80429945579424,POINT (-76.80429945579424 37.745622243396426)
89,89,2011400,38.21193563966038,-79.7198948615022,POINT (-79.7198948615022 38.21193563966038)
90,90,2011460,38.28871832709725,-79.75239708027793,POINT (-79.75239708027793 38.28871832709725)
91,91,2013000,37.75192176115917,-80.18032242429948,POINT (-80.18032242429948 37.75192176115917)
92,92,2014000,37.59838552547743,-80.2141525865027,POINT (-80.2141525865027 37.59838552547743)
93,93,2015700,38.32117368956885,-79.52823576583255,POINT (-79.52823576583255 38.32117368956885)
94,94,2016000,38.12183625422569,-79.60146542030765,POINT (-79.60146542030765 38.12183625422569)
95,95,2017500,37.464123592394614,-80.3109246274524,POINT (-80.3109246274524 37.464123592394614)
96,96,2018000,37.48400616133752,-80.18381150960909,POINT (-80.18381150960909 37.48400616133752)
97,97,2027000,37.826599492693376,-79.02442681970923,POINT (-79.02442681970923 37.826599492693376)
98,98,2027500,37.76899864352102,-79.1080285591852,POINT (-79.1080285591852 37.76899864352102)
99,99,2028500,37.93831330566558,-78.86209098390574,POINT (-78.86209098390574 37.93831330566558)
100,100,2038850,37.4375,-78.6857919674555,POINT (-78.6857919674555 37.4375)
101,101,2046000,37.08704309792309,-77.73419990461386,POINT (-77.73419990461386 37.08704309792309)
102,102,2051000,37.06183506595643,-78.37051148296283,POINT (-78.37051148296283 37.06183506595643)
103,103,2051500,36.86485226296371,-78.21148245148501,POINT (-78.21148245148501 36.86485226296371)
104,104,2053200,36.36184678831435,-77.24174438984984,POINT (-77.24174438984984 36.36184678831435)
105,105,2053800,37.10080062601794,-80.25987151620352,POINT (-80.25987151620352 37.10080062601794)
106,106,2055100,37.4375,-79.9375,POINT (-79.9375 37.4375)
107,107,2056900,37.066415302457855,-80.00319406935604,POINT (-80.00319406935604 37.066415302457855)
108,108,2059500,37.30082657738701,-79.65219029005874,POINT (-79.65219029005874 37.30082657738701)
109,109,2064000,37.25218522934985,-78.97436619063728,POINT (-78.97436619063728 37.25218522934985)
110,110,2065500,37.221358033508054,-78.7680349473564,POINT (-78.7680349473564 37.221358033508054)
111,111,2069700,36.63019581108022,-80.24716319159889,POINT (-80.24716319159889 36.63019581108022)
112,112,2070000,36.65582228264732,-80.07389795393148,POINT (-80.07389795393148 36.65582228264732)
113,113,2074500,36.70135287206058,-79.61281972510062,POINT (-79.61281972510062 36.70135287206058)
114,114,2077200,36.30614288851418,-79.21656235826984,POINT (-79.21656235826984 36.30614288851418)
115,115,2081500,36.30083190986688,-78.71852234314196,POINT (-78.71852234314196 36.30083190986688)
116,116,2082950,36.34749127513652,-77.94376094778058,POINT (-77.94376094778058 36.34749127513652)
117,117,2092500,35.04014222452681,-77.58778901634781,POINT (-77.58778901634781 35.04014222452681)
118,118,2096846,36.0217117814763,-79.1875,POINT (-79.1875 36.0217117814763)
119,119,2102908,35.1875,-79.1875,POINT (-79.1875 35.1875)
120,120,2108000,35.03001084494869,-77.93319675359831,POINT (-77.93319675359831 35.03001084494869)
121,121,2111180,36.14542292282268,-81.51638814322212,POINT (-81.51638814322212 36.14542292282268)
122,122,2111500,36.268848519766244,-81.27552592101668,POINT (-81.27552592101668 36.268848519766244)
123,123,2112120,36.35353580571864,-81.09384831837096,POINT (-81.09384831837096 36.35353580571864)
124,124,2112360,36.404863603202514,-80.88845592647188,POINT (-80.88845592647188 36.404863603202514)
125,125,2118500,36.08164776629983,-80.90134662825679,POINT (-80.90134662825679 36.08164776629983)
126,126,2125000,35.389833307625324,-80.34441472902294,POINT (-80.34441472902294 35.389833307625324)
127,127,2128000,35.52631775233807,-79.83335910350029,POINT (-79.83335910350029 35.52631775233807)
128,128,2137727,35.63653007909164,-82.1754092070874,POINT (-82.1754092070874 35.63653007909164)
129,129,2140991,35.999839411734946,-81.72438123357036,POINT (-81.72438123357036 35.999839411734946)
130,130,2143000,35.67448052712134,-81.57130581120911,POINT (-81.57130581120911 35.67448052712134)
131,131,2143040,35.567263775684395,-81.62212971364195,POINT (-81.62212971364195 35.567263775684395)
132,132,2149000,35.52225219625665,-82.11223718761462,POINT (-82.11223718761462 35.52225219625665)
133,133,2152100,35.55371882389885,-81.75293680826607,POINT (-81.75293680826607 35.55371882389885)
134,134,2177000,34.957228490691655,-83.20160587638533,POINT (-83.20160587638533 34.957228490691655)
135,135,2178400,34.95356522293275,-83.53646546051613,POINT (-83.53646546051613 34.95356522293275)
136,136,2193340,33.7178372519428,-82.92925955823668,POINT (-82.92925955823668 33.7178372519428)
137,137,2196000,33.93150420819285,-82.07633420376321,POINT (-82.07633420376321 33.93150420819285)
138,138,2198100,32.94192192795501,-81.87380411885086,POINT (-81.87380411885086 32.94192192795501)
139,139,2202600,32.27484661212924,-81.62812052777244,POINT (-81.62812052777244 32.27484661212924)
140,140,2212600,33.16915499606635,-83.70782709593277,POINT (-83.70782709593277 33.16915499606635)
141,141,2215100,32.28250302208624,-83.6853531641651,POINT (-83.6853531641651 32.28250302208624)
142,142,2216180,32.0463746748486,-83.01671247562844,POINT (-83.01671247562844 32.0463746748486)
143,143,2221525,33.35823352812923,-83.63403154798485,POINT (-83.63403154798485 33.35823352812923)
144,144,2231000,30.393171285219847,-82.25977334339123,POINT (-82.25977334339123 30.393171285219847)
145,145,2231342,27.538498746883725,-80.85959402349368,POINT (-80.85959402349368 27.538498746883725)
146,146,2235200,28.951379972395657,-81.56372634345819,POINT (-81.56372634345819 28.951379972395657)
147,147,2245500,29.906952661567736,-81.88152610231761,POINT (-81.88152610231761 29.906952661567736)
148,148,2246000,30.147611290384052,-81.96696829389981,POINT (-81.96696829389981 30.147611290384052)
149,149,2296500,27.461838341625082,-81.62859892024981,POINT (-81.62859892024981 27.461838341625082)
150,150,2297155,27.554294658300588,-82.0625,POINT (-82.0625 27.554294658300588)
151,151,2297310,27.39858294845505,-82.00075289956452,POINT (-82.00075289956452 27.39858294845505)
152,152,2298123,27.115539615645048,-81.64528149854924,POINT (-81.64528149854924 27.115539615645048)
153,153,2298608,27.406052863823895,-82.12807758805015,POINT (-82.12807758805015 27.406052863823895)
154,154,2299950,27.550987811777013,-82.13906057406606,POINT (-82.13906057406606 27.550987811777013)
155,155,2300700,27.772378494161764,-82.31249861578473,POINT (-82.31249861578473 27.772378494161764)
156,156,2310947,28.290393987361902,-81.86558938639956,POINT (-81.86558938639956 28.290393987361902)
157,157,2312200,28.5193295685569,-81.99672558968724,POINT (-81.99672558968724 28.5193295685569)
158,158,2314500,30.965330814647064,-82.48864807604,POINT (-82.48864807604 30.965330814647064)
159,159,2315500,30.784587310584612,-82.58773033179591,POINT (-82.58773033179591 30.784587310584612)
160,160,2324400,30.166516314590503,-83.40993088608987,POINT (-83.40993088608987 30.166516314590503)
161,161,2327100,30.229200301328987,-84.55870181669174,POINT (-84.55870181669174 30.229200301328987)
162,162,2342933,32.02571219967365,-85.4146030645411,POINT (-85.4146030645411 32.02571219967365)
163,163,2349900,32.23207158323658,-83.84446799719335,POINT (-83.84446799719335 32.23207158323658)
164,164,2350900,32.06839008194229,-84.50380713312445,POINT (-84.50380713312445 32.06839008194229)
165,165,2361000,31.58618965281602,-85.46432013823357,POINT (-85.46432013823357 31.58618965281602)
166,166,2363000,31.868644826320146,-85.65907257277718,POINT (-85.65907257277718 31.868644826320146)
167,167,2369800,31.081080023509074,-86.66367189170842,POINT (-86.66367189170842 31.081080023509074)
168,168,2371500,31.86535073032919,-85.98539189523194,POINT (-85.98539189523194 31.86535073032919)
169,169,2372250,31.855261104452033,-86.26214945123789,POINT (-86.26214945123789 31.855261104452033)
170,170,2374500,31.541687796672853,-87.04028264417144,POINT (-87.04028264417144 31.541687796672853)
171,171,2381600,34.5625,-84.4375,POINT (-84.4375 34.5625)
172,172,2384540,34.87898203935881,-84.6875,POINT (-84.6875 34.87898203935881)
173,173,2395120,34.30532355306458,-84.84629315925416,POINT (-84.84629315925416 34.30532355306458)
174,174,2408540,33.06698588187296,-86.11018945688029,POINT (-86.11018945688029 33.06698588187296)
175,175,2415000,33.17365248559417,-85.8767072640119,POINT (-85.8767072640119 33.17365248559417)
176,176,2422500,32.80154685785062,-86.83380277366193,POINT (-86.83380277366193 32.80154685785062)
177,177,2427250,31.870858750272827,-86.9634503896127,POINT (-86.9634503896127 31.870858750272827)
178,178,2430085,34.448705170390525,-88.24249638871862,POINT (-88.24249638871862 34.448705170390525)
179,179,2430615,34.43719247229163,-88.3125,POINT (-88.3125 34.43719247229163)
180,180,2450250,34.34205214199845,-87.43065499793211,POINT (-87.43065499793211 34.34205214199845)
181,181,2464000,33.65332040786283,-87.61300407626817,POINT (-87.61300407626817 33.65332040786283)
182,182,2464146,33.4375,-87.47323833402291,POINT (-87.47323833402291 33.4375)
183,183,2464360,33.4748191603053,-87.68635865487067,POINT (-87.68635865487067 33.4748191603053)
184,184,2465493,32.943042937939644,-87.52197428427144,POINT (-87.52197428427144 32.943042937939644)
185,185,2469800,31.80908920616122,-87.90776258301477,POINT (-87.90776258301477 31.80908920616122)
186,186,2472000,32.04482764303807,-89.45007978424194,POINT (-89.45007978424194 32.04482764303807)
187,187,2472500,31.58756207752126,-89.66118834460461,POINT (-89.66118834460461 31.58756207752126)
188,188,2479155,31.09502839355068,-89.01164724071874,POINT (-89.01164724071874 31.09502839355068)
189,189,2479300,30.87135325192981,-89.16550992098654,POINT (-89.16550992098654 30.87135325192981)
190,190,2479560,31.150023374595683,-88.39017579406327,POINT (-88.39017579406327 31.150023374595683)
191,191,2481000,30.678716691618583,-89.21216921023354,POINT (-89.21216921023354 30.678716691618583)
192,192,2481510,30.770367749850585,-89.41394413861943,POINT (-89.41394413861943 30.770367749850585)
193,193,3010655,41.91922290135402,-78.04957685469086,POINT (-78.04957685469086 41.91922290135402)
194,194,3011800,41.79014455297545,-78.62016922283752,POINT (-78.62016922283752 41.79014455297545)
195,195,3015500,41.92273244006805,-79.5019814497924,POINT (-79.5019814497924 41.92273244006805)
196,196,3021350,42.090290711541336,-79.65772690654228,POINT (-79.65772690654228 42.090290711541336)
197,197,3026500,41.68643554703316,-78.58096308552904,POINT (-78.58096308552904 41.68643554703316)
198,198,3028000,41.64272162687644,-78.70469561324477,POINT (-78.70469561324477 41.64272162687644)
199,199,3049000,40.854623336191146,-79.69812137506696,POINT (-79.69812137506696 40.854623336191146)
200,200,3049800,40.5625,-79.9375,POINT (-79.9375 40.5625)
201,201,3050000,38.63810261857126,-79.99230277416392,POINT (-79.99230277416392 38.63810261857126)
202,202,3066000,39.11943727080805,-79.40291850476476,POINT (-79.40291850476476 39.11943727080805)
203,203,3069500,38.90689028034031,-79.61840830351096,POINT (-79.61840830351096 38.90689028034031)
204,204,3070500,39.70185054939969,-79.61922445923537,POINT (-79.61922445923537 39.70185054939969)
205,205,3076600,39.637894525247404,-79.32112075893501,POINT (-79.32112075893501 39.637894525247404)
206,206,3078000,39.64487465207592,-79.19523363624654,POINT (-79.19523363624654 39.64487465207592)
207,207,3140000,40.419488500140076,-81.81250000000001,POINT (-81.81250000000001 40.419488500140076)
208,208,3144000,40.23344231777612,-82.20518772439998,POINT (-82.20518772439998 40.23344231777612)
209,209,3159540,39.16073015548641,-82.00908072105884,POINT (-82.00908072105884 39.16073015548641)
210,210,3161000,36.2849551318356,-81.56350228131491,POINT (-81.56350228131491 36.2849551318356)
211,211,3164000,36.50334903231408,-81.36459493733938,POINT (-81.36459493733938 36.50334903231408)
212,212,3165000,36.61285233384901,-80.88920679147957,POINT (-80.88920679147957 36.61285233384901)
213,213,3170000,36.96165177525544,-80.36208075093421,POINT (-80.36208075093421 36.96165177525544)
214,214,3173000,37.155136288924766,-80.94925700213824,POINT (-80.94925700213824 37.155136288924766)
215,215,3180500,38.607906827432714,-79.74464191062359,POINT (-79.74464191062359 38.607906827432714)
216,216,3182500,38.392725921195094,-79.8765392207742,POINT (-79.8765392207742 38.392725921195094)
217,217,3186500,38.31759562891325,-80.28061190705122,POINT (-80.28061190705122 38.31759562891325)
218,218,3187500,38.26788260837566,-80.36208400405593,POINT (-80.36208400405593 38.26788260837566)
219,219,3213700,37.42298974736169,-81.81712994526485,POINT (-81.81712994526485 37.42298974736169)
220,220,3237280,38.6875,-83.22680748268778,POINT (-83.22680748268778 38.6875)
221,221,3237500,38.98574968067448,-83.51605662996357,POINT (-83.51605662996357 38.98574968067448)
222,222,3238500,39.05003111166004,-83.82578376772524,POINT (-83.82578376772524 39.05003111166004)
223,223,3241500,39.74886968047123,-83.73343481688813,POINT (-83.73343481688813 39.74886968047123)
224,224,3280700,37.0839421499756,-83.24538149411742,POINT (-83.24538149411742 37.0839421499756)
225,225,3281100,37.045329232551694,-83.74484373103944,POINT (-83.74484373103944 37.045329232551694)
226,226,3281500,37.18488950941793,-83.67674286406813,POINT (-83.67674286406813 37.18488950941793)
227,227,3285000,37.501717109029045,-84.5999596011005,POINT (-84.5999596011005 37.501717109029045)
228,228,3291780,38.9332497764629,-85.30250221875491,POINT (-85.30250221875491 38.9332497764629)
229,229,3300400,37.76429422678857,-85.0704321544839,POINT (-85.0704321544839 37.76429422678857)
230,230,3338780,40.40830691824973,-87.57167925922369,POINT (-87.57167925922369 40.40830691824973)
231,231,3340800,39.906084555792916,-86.76011775096511,POINT (-86.76011775096511 39.906084555792916)
232,232,3346000,39.26408613774052,-87.91457547483034,POINT (-87.91457547483034 39.26408613774052)
233,233,3357350,39.78147046776883,-86.72136291747888,POINT (-86.72136291747888 39.78147046776883)
234,234,3364500,39.40736183890692,-85.49518839782692,POINT (-85.49518839782692 39.40736183890692)
235,235,3366500,38.87938931002621,-85.47751290081098,POINT (-85.47751290081098 38.87938931002621)
236,236,3368000,39.069695813461905,-85.43850085111575,POINT (-85.43850085111575 39.069695813461905)
237,237,3384450,37.53906010497259,-88.5353118831666,POINT (-88.5353118831666 37.53906010497259)
238,238,3439000,35.20699717466901,-82.89373578843617,POINT (-82.89373578843617 35.20699717466901)
239,239,3450000,35.6875,-82.4375,POINT (-82.4375 35.6875)
240,240,3455500,35.32895547539791,-82.93731508955149,POINT (-82.93731508955149 35.32895547539791)
241,241,3456500,35.40594280892757,-82.81685666045676,POINT (-82.81685666045676 35.40594280892757)
242,242,3460000,35.620671282038884,-83.13136129370886,POINT (-83.13136129370886 35.620671282038884)
243,243,3463300,35.77779852878654,-82.21161139308532,POINT (-82.21161139308532 35.77779852878654)
244,244,3471500,36.7572433007484,-81.48564867890266,POINT (-81.48564867890266 36.7572433007484)
245,245,3473000,36.659353037288795,-81.6806826753781,POINT (-81.6806826753781 36.659353037288795)
246,246,3479000,36.221835762204265,-81.77065577270116,POINT (-81.77065577270116 36.221835762204265)
247,247,3488000,36.97457009560597,-81.5279890823006,POINT (-81.5279890823006 36.97457009560597)
248,248,3498500,35.685536759996296,-83.74190173361983,POINT (-83.74190173361983 35.685536759996296)
249,249,3500000,35.02288058113783,-83.38293705887013,POINT (-83.38293705887013 35.02288058113783)
250,250,3500240,35.15104721291046,-83.48367321448559,POINT (-83.48367321448559 35.15104721291046)
251,251,3504000,35.069062628077134,-83.55884384579696,POINT (-83.55884384579696 35.069062628077134)
252,252,3574500,34.876259520189826,-86.20714463784178,POINT (-86.20714463784178 34.876259520189826)
253,253,3592718,34.81128252746745,-88.26821486045937,POINT (-88.26821486045937 34.81128252746745)
254,254,3604000,35.40136450045352,-87.5705435566345,POINT (-87.5705435566345 35.40136450045352)
255,255,4015330,47.03959418749278,-91.81438466127898,POINT (-91.81438466127898 47.03959418749278)
256,256,4024430,46.49163810068627,-92.35789305692134,POINT (-92.35789305692134 46.49163810068627)
257,257,4027000,46.34717826580731,-90.65910789027461,POINT (-90.65910789027461 46.34717826580731)
258,258,4040500,46.57047120078601,-88.40899185403394,POINT (-88.40899185403394 46.57047120078601)
259,259,4043050,47.29101028332839,-88.3587054095896,POINT (-88.3587054095896 47.29101028332839)
260,260,4045500,46.36806358169601,-85.35635971331405,POINT (-85.35635971331405 46.36806358169601)
261,261,4056500,46.303909034228134,-86.12247260828283,POINT (-86.12247260828283 46.303909034228134)
262,262,4057510,46.11254995398523,-86.72115891767896,POINT (-86.72115891767896 46.11254995398523)
263,263,4057800,46.547688505324444,-87.90796159711938,POINT (-87.90796159711938 46.547688505324444)
264,264,4059500,46.00943347586751,-87.60804514905254,POINT (-87.60804514905254 46.00943347586751)
265,265,4063700,45.76004252881872,-88.66171789150366,POINT (-88.66171789150366 45.76004252881872)
266,266,4074950,45.440976097451106,-88.94486726581013,POINT (-88.94486726581013 45.440976097451106)
267,267,4105700,42.41479879217078,-85.32813111054891,POINT (-85.32813111054891 42.41479879217078)
268,268,4115265,43.31391592966023,-84.9708881080018,POINT (-84.9708881080018 43.31391592966023)
269,269,4122200,43.57652999497535,-85.97896596117121,POINT (-85.97896596117121 43.57652999497535)
270,270,4122500,43.83598094448254,-85.90221278916077,POINT (-85.90221278916077 43.83598094448254)
271,271,4124000,44.597622435757074,-85.18059520866606,POINT (-85.18059520866606 44.597622435757074)
272,272,4127918,46.2481672445762,-84.80883557087472,POINT (-84.80883557087472 46.2481672445762)
273,273,4127997,45.17924212303993,-84.66770923352618,POINT (-84.66770923352618 45.17924212303993)
274,274,4161580,42.8125,-83.1539137970965,POINT (-83.1539137970965 42.8125)
275,275,4185000,41.743519024868974,-84.34114175399513,POINT (-84.34114175399513 41.743519024868974)
276,276,4196800,40.7307312539817,-83.39033240030622,POINT (-83.39033240030622 40.7307312539817)
277,277,4197100,41.01298774011814,-82.9019977751028,POINT (-82.9019977751028 41.01298774011814)
278,278,4197170,41.06819771248086,-83.04001155639673,POINT (-83.04001155639673 41.06819771248086)
279,279,4213000,41.826952478784946,-80.41091233944844,POINT (-80.41091233944844 41.826952478784946)
280,280,4213075,41.994297530211114,-80.23973740660091,POINT (-80.23973740660091 41.994297530211114)
281,281,4216418,42.7536254969135,-78.29424108407079,POINT (-78.29424108407079 42.7536254969135)
282,282,4221000,42.045596800449644,-77.83221881031356,POINT (-77.83221881031356 42.045596800449644)
283,283,4224775,42.483579476767325,-77.80952843982716,POINT (-77.80952843982716 42.483579476767325)
284,284,4233000,42.32727639367179,-76.56828282415142,POINT (-76.56828282415142 42.32727639367179)
285,285,4256000,43.80969434820621,-75.13941940562412,POINT (-75.13941940562412 43.80969434820621)
286,286,4296000,44.73731384010354,-72.34070011066078,POINT (-72.34070011066078 44.73731384010354)
287,287,5056000,47.89043700307955,-99.78585872185981,POINT (-99.78585872185981 47.89043700307955)
288,288,5057000,47.848154782820146,-99.32861929903386,POINT (-99.32861929903386 47.848154782820146)
289,289,5057200,47.383470143536954,-98.46228753445824,POINT (-98.46228753445824 47.383470143536954)
290,290,5062500,47.29375144744883,-95.744215646001,POINT (-95.744215646001 47.29375144744883)
291,291,5087500,48.38479192867135,-96.3366896868443,POINT (-96.3366896868443 48.38479192867135)
292,292,5120500,47.910871436286584,-100.52573507160322,POINT (-100.52573507160322 47.910871436286584)
293,293,5123400,48.70560098388042,-100.02307085924535,POINT (-100.02307085924535 48.70560098388042)
294,294,5129115,47.933512948966175,-92.49389937766202,POINT (-92.49389937766202 47.933512948966175)
295,295,5131500,47.89934629226913,-93.04922588647071,POINT (-93.04922588647071 47.89934629226913)
296,296,5291000,45.310948406330525,-96.82458916993275,POINT (-96.82458916993275 45.310948406330525)
297,297,5362000,45.45852323155339,-90.42820646287039,POINT (-90.42820646287039 45.45852323155339)
298,298,5393500,45.44439894816289,-90.10266058637461,POINT (-90.10266058637461 45.44439894816289)
299,299,5399500,44.935109980696296,-90.2134864867107,POINT (-90.2134864867107 44.935109980696296)
300,300,5408000,43.74103076843107,-90.57298034142022,POINT (-90.57298034142022 43.74103076843107)
301,301,5412500,43.005979749818515,-91.80948665717757,POINT (-91.80948665717757 43.005979749818515)
302,302,5413500,42.8596353336218,-90.83800894800255,POINT (-90.83800894800255 42.8596353336218)
303,303,5414000,42.87109759173399,-90.57080647288704,POINT (-90.57080647288704 42.87109759173399)
304,304,5444000,42.01342178801912,-89.66067972119585,POINT (-89.66067972119585 42.01342178801912)
305,305,5454000,41.714110912977105,-91.4378092690704,POINT (-91.4378092690704 41.714110912977105)
306,306,5458000,43.34497232848051,-92.68020606163387,POINT (-92.68020606163387 43.34497232848051)
307,307,5466500,41.24932638420225,-90.44607343521466,POINT (-90.44607343521466 41.24932638420225)
308,308,5487980,41.077001428209876,-93.48435101611557,POINT (-93.48435101611557 41.077001428209876)
309,309,5488200,41.20493006387407,-93.18092331718046,POINT (-93.18092331718046 41.20493006387407)
310,310,5489000,41.05871514422839,-93.01645578694591,POINT (-93.01645578694591 41.05871514422839)
311,311,5495000,40.62558649149507,-92.12084462482387,POINT (-92.12084462482387 40.62558649149507)
312,312,5495500,40.20236643416796,-91.1935072753689,POINT (-91.1935072753689 40.20236643416796)
313,313,5501000,39.819219420938836,-91.859729625889,POINT (-91.859729625889 39.819219420938836)
314,314,5503800,39.657282571676795,-92.13175475011617,POINT (-92.13175475011617 39.657282571676795)
315,315,5507600,39.325116819991365,-91.66725155246343,POINT (-91.66725155246343 39.325116819991365)
316,316,5508805,39.416591039889255,-91.46660799029755,POINT (-91.46660799029755 39.416591039889255)
317,317,5514500,39.11965640766891,-91.31472576289931,POINT (-91.31472576289931 39.11965640766891)
318,318,5525500,40.56888559155881,-87.69927488379201,POINT (-87.69927488379201 40.56888559155881)
319,319,5556500,41.55692630813482,-89.29579923388853,POINT (-89.29579923388853 41.55692630813482)
320,320,5584500,40.49471703540904,-90.88239140970354,POINT (-90.88239140970354 40.49471703540904)
321,321,5585000,40.365026891925254,-90.82284476676773,POINT (-90.82284476676773 40.365026891925254)
322,322,5591550,39.52056536605923,-88.43477664868625,POINT (-88.43477664868625 39.52056536605923)
323,323,5592050,39.47257865691154,-88.87774498953009,POINT (-88.87774498953009 39.47257865691154)
324,324,5592575,38.94603392100124,-88.86161807860032,POINT (-88.86161807860032 38.94603392100124)
325,325,5593575,38.39052780534395,-89.3688203157996,POINT (-89.3688203157996 38.39052780534395)
326,326,5593900,39.245866064041174,-89.31984228194965,POINT (-89.31984228194965 39.245866064041174)
327,327,5595730,38.337457328537056,-89.10635780449728,POINT (-89.10635780449728 38.337457328537056)
328,328,6037500,44.587526650462074,-110.78375745315525,POINT (-110.78375745315525 44.587526650462074)
329,329,6043500,45.19427302239312,-111.2209004112444,POINT (-111.2209004112444 45.19427302239312)
330,330,6154410,47.9375,-108.63899829928033,POINT (-108.63899829928033 47.9375)
331,331,6188000,44.90226801097365,-110.10999204538763,POINT (-110.10999204538763 44.90226801097365)
332,332,6191500,44.67540281590176,-110.28744806289083,POINT (-110.28744806289083 44.67540281590176)
333,333,6221400,43.27678734144206,-109.57533024099985,POINT (-109.57533024099985 43.27678734144206)
334,334,6224000,43.09054082176664,-109.42446469170358,POINT (-109.42446469170358 43.09054082176664)
335,335,6278300,44.480212390614604,-107.33349188705799,POINT (-107.33349188705799 44.480212390614604)
336,336,6280300,44.0250208816,-109.66744980308786,POINT (-109.66744980308786 44.0250208816)
337,337,6289000,44.87848773454541,-107.70594334675793,POINT (-107.70594334675793 44.87848773454541)
338,338,6291500,45.03249267729169,-107.74055613353785,POINT (-107.74055613353785 45.03249267729169)
339,339,6311000,44.09248084616306,-107.0625731111767,POINT (-107.0625731111767 44.09248084616306)
340,340,6332515,47.745739949441166,-102.84751156738089,POINT (-102.84751156738089 47.745739949441166)
341,341,6339100,47.27140540395971,-103.00996414130152,POINT (-103.00996414130152 47.27140540395971)
342,342,6339500,47.11325668181214,-102.51354770152773,POINT (-102.51354770152773 47.11325668181214)
343,343,6344600,47.08400030154396,-103.18072225569958,POINT (-103.18072225569958 47.08400030154396)
344,344,6350000,46.50611963936296,-102.9346354513056,POINT (-102.9346354513056 46.50611963936296)
345,345,6352000,46.28626312475117,-102.95036252927252,POINT (-102.95036252927252 46.28626312475117)
346,346,6353000,46.13976929729768,-102.31282088839738,POINT (-102.31282088839738 46.13976929729768)
347,347,6354000,46.27963180129016,-102.14424953420382,POINT (-102.14424953420382 46.27963180129016)
348,348,6360500,45.23417692478392,-102.3850435025852,POINT (-102.3850435025852 45.23417692478392)
349,349,6404000,43.88161745482629,-103.44757686584708,POINT (-103.44757686584708 43.88161745482629)
350,350,6406000,43.85245493704508,-103.38225336622648,POINT (-103.38225336622648 43.85245493704508)
351,351,6408700,44.13887111131173,-103.8952031627715,POINT (-103.8952031627715 44.13887111131173)
352,352,6409000,44.01343194313531,-103.88031682437655,POINT (-103.88031682437655 44.01343194313531)
353,353,6431500,44.305189222935795,-103.91683900285472,POINT (-103.91683900285472 44.305189222935795)
354,354,6440200,43.871936493822076,-101.95620788073168,POINT (-101.95620788073168 43.871936493822076)
355,355,6441500,44.11385995377655,-101.25272173307516,POINT (-101.25272173307516 44.11385995377655)
356,356,6447000,43.2026643633515,-102.56264186583715,POINT (-102.56264186583715 43.2026643633515)
357,357,6447500,43.110484249111586,-101.97882009859066,POINT (-101.97882009859066 43.110484249111586)
358,358,6450500,43.22126229062836,-101.27495512644363,POINT (-101.27495512644363 43.22126229062836)
359,359,6452000,43.340454344291636,-101.66498346257853,POINT (-101.66498346257853 43.340454344291636)
360,360,6453600,43.01439495921687,-99.05082566374215,POINT (-99.05082566374215 43.01439495921687)
361,361,6464500,43.11411250694965,-100.25700525993761,POINT (-100.25700525993761 43.11411250694965)
362,362,6468170,47.586426024127356,-99.58740129316232,POINT (-99.58740129316232 47.586426024127356)
363,363,6468250,47.58740182806324,-99.48967616398994,POINT (-99.48967616398994 47.58740182806324)
364,364,6470800,46.53089976944879,-98.14925455424608,POINT (-98.14925455424608 46.53089976944879)
365,365,6477500,43.83757170144214,-98.52734519893123,POINT (-98.52734519893123 43.83757170144214)
366,366,6479215,45.269244596810886,-97.14643412199112,POINT (-97.14643412199112 45.269244596810886)
367,367,6479438,45.169653622442965,-97.18748419158175,POINT (-97.18748419158175 45.169653622442965)
368,368,6601000,42.2187361060322,-96.53995455586508,POINT (-96.53995455586508 42.2187361060322)
369,369,6614800,40.4375,-105.85777001326085,POINT (-105.85777001326085 40.4375)
370,370,6622700,41.418284893805826,-106.44939368038649,POINT (-106.44939368038649 41.418284893805826)
371,371,6623800,40.97646828499075,-106.75154382711234,POINT (-106.75154382711234 40.97646828499075)
372,372,6632400,41.4724507416188,-106.23439477754522,POINT (-106.23439477754522 41.4724507416188)
373,373,6746095,40.5625,-105.90335098286839,POINT (-105.90335098286839 40.5625)
374,374,6784000,41.30635686903065,-99.71753212700975,POINT (-99.71753212700975 41.30635686903065)
375,375,6803510,40.95750966911151,-96.71213069989462,POINT (-96.71213069989462 40.95750966911151)
376,376,6803530,41.06433455395943,-96.67208829816015,POINT (-96.67208829816015 41.06433455395943)
377,377,6814000,40.08781813018309,-96.25699020523557,POINT (-96.25699020523557 40.08781813018309)
378,378,6847900,39.6011933233904,-100.59517010126079,POINT (-100.59517010126079 39.6011933233904)
379,379,6853800,39.9081084218469,-98.46845540307093,POINT (-98.46845540307093 39.9081084218469)
380,380,6876700,39.21781529555479,-98.0957789650285,POINT (-98.0957789650285 39.21781529555479)
381,381,6878000,39.193220934180985,-97.2741030334418,POINT (-97.2741030334418 39.193220934180985)
382,382,6879650,39.0625,-96.5625,POINT (-96.5625 39.0625)
383,383,6885500,39.77316093187059,-96.31673211526476,POINT (-96.31673211526476 39.77316093187059)
384,384,6888500,38.953938135196466,-96.3142880735316,POINT (-96.3142880735316 38.953938135196466)
385,385,6889200,39.40988820994537,-95.91295130534505,POINT (-95.91295130534505 39.40988820994537)
386,386,6889500,39.32137155170491,-95.8578366976677,POINT (-95.8578366976677 39.32137155170491)
387,387,6892000,39.35056555225306,-95.18165586927836,POINT (-95.18165586927836 39.35056555225306)
388,388,6903400,40.91914682643657,-93.4479271089057,POINT (-93.4479271089057 40.91914682643657)
389,389,6906800,38.56679618051903,-93.13331471355784,POINT (-93.13331471355784 38.56679618051903)
390,390,6910800,38.69853199447328,-96.09010752074137,POINT (-96.09010752074137 38.69853199447328)
391,391,6911900,38.78201227148483,-95.9742672129302,POINT (-95.9742672129302 38.78201227148483)
392,392,6917000,38.01740041531108,-94.9769056385267,POINT (-94.9769056385267 38.01740041531108)
393,393,6918460,37.239372416713266,-93.73725319171353,POINT (-93.73725319171353 37.239372416713266)
394,394,6919500,37.64138310288512,-93.99129730181531,POINT (-93.99129730181531 37.64138310288512)
395,395,6921070,37.46603664731249,-93.18576240217226,POINT (-93.18576240217226 37.46603664731249)
396,396,6921200,37.68334509102828,-93.18211023204178,POINT (-93.18211023204178 37.68334509102828)
397,397,6934000,37.57773976512855,-92.21771060931502,POINT (-92.21771060931502 37.57773976512855)
398,398,7014500,37.81944838687153,-91.35209558867757,POINT (-91.35209558867757 37.81944838687153)
399,399,7056000,35.92953784038093,-93.11518350466388,POINT (-93.11518350466388 35.92953784038093)
400,400,7057500,36.8582645778979,-92.10754166790555,POINT (-92.10754166790555 36.8582645778979)
401,401,7060710,36.0469293163419,-92.27837226039827,POINT (-92.27837226039827 36.0469293163419)
402,402,7066000,37.09595941905638,-91.6558631045602,POINT (-91.6558631045602 37.09595941905638)
403,403,7067000,37.2219145604751,-91.47545336901837,POINT (-91.47545336901837 37.2219145604751)
404,404,7068000,37.15002245465813,-91.38667722773503,POINT (-91.38667722773503 37.15002245465813)
405,405,7071500,36.852866802040786,-91.54196338870582,POINT (-91.54196338870582 36.852866802040786)
406,406,7083000,39.17036992237864,-106.45007830217386,POINT (-106.45007830217386 39.17036992237864)
407,407,7142300,37.682911927227664,-99.29721124975468,POINT (-99.29721124975468 37.682911927227664)
408,408,7145700,37.37399160643179,-97.56776097357611,POINT (-97.56776097357611 37.37399160643179)
409,409,7148400,37.108964819991975,-99.04085052826227,POINT (-99.04085052826227 37.108964819991975)
410,410,7149000,37.381565433346424,-98.84399178147453,POINT (-98.84399178147453 37.381565433346424)
411,411,7151500,37.40137806128161,-98.08723938021001,POINT (-98.08723938021001 37.40137806128161)
412,412,7167500,37.67716641214855,-96.37898270647662,POINT (-96.37898270647662 37.67716641214855)
413,413,7180500,38.131770672190115,-96.77618576313388,POINT (-96.77618576313388 38.131770672190115)
414,414,7184000,37.43003587456362,-94.91706544726631,POINT (-94.91706544726631 37.43003587456362)
415,415,7195800,36.31245822399452,-94.4247397843655,POINT (-94.4247397843655 36.31245822399452)
416,416,7196900,35.88344726673379,-94.43034187278758,POINT (-94.43034187278758 35.88344726673379)
417,417,7197000,35.922363761048594,-94.59502228155293,POINT (-94.59502228155293 35.922363761048594)
418,418,7208500,36.39618557444101,-105.12971631071265,POINT (-105.12971631071265 36.39618557444101)
419,419,7226500,36.027563938290875,-103.84915963351222,POINT (-103.84915963351222 36.027563938290875)
420,420,7261000,35.415675253308024,-92.25280569961468,POINT (-92.25280569961468 35.415675253308024)
421,421,7263295,34.908933321722756,-92.8475394273581,POINT (-92.8475394273581 34.908933321722756)
422,422,7290650,31.939221043469733,-90.55262396717319,POINT (-90.55262396717319 31.939221043469733)
423,423,7291000,31.647510875749845,-90.71554448758651,POINT (-90.71554448758651 31.647510875749845)
424,424,7292500,31.505360778134996,-90.82676419738853,POINT (-90.82676419738853 31.505360778134996)
425,425,7295000,31.167543771338806,-91.18606643165016,POINT (-91.18606643165016 31.167543771338806)
426,426,7299670,34.36571462451063,-99.96891251695317,POINT (-99.96891251695317 34.36571462451063)
427,427,7301410,35.513737437591544,-100.36440987811845,POINT (-100.36440987811845 35.513737437591544)
428,428,7301500,35.362816316115214,-100.4935290284808,POINT (-100.4935290284808 35.362816316115214)
429,429,7315200,33.65058174039645,-98.11898592212924,POINT (-98.11898592212924 33.65058174039645)
430,430,7315700,34.24289258055153,-97.72694909749698,POINT (-97.72694909749698 34.24289258055153)
431,431,7335700,34.65346343459047,-94.54927218652409,POINT (-94.54927218652409 34.65346343459047)
432,432,7340300,34.429192649506355,-94.16875448631941,POINT (-94.16875448631941 34.429192649506355)
433,433,7346045,33.01295621425634,-94.52907094295378,POINT (-94.52907094295378 33.01295621425634)
434,434,7359610,34.43990525174287,-93.69988867167082,POINT (-93.69988867167082 34.43990525174287)
435,435,7362100,33.382767363387565,-92.98693777259714,POINT (-92.98693777259714 33.382767363387565)
436,436,7362587,34.8125,-92.99016726748134,POINT (-92.99016726748134 34.8125)
437,437,7373000,31.570314800615215,-92.4822500305253,POINT (-92.4822500305253 31.570314800615215)
438,438,7375000,30.77238459021353,-90.26375709252504,POINT (-90.26375709252504 30.77238459021353)
439,439,7376000,30.878839679218753,-90.65975556503578,POINT (-90.65975556503578 30.878839679218753)
440,440,8013000,31.22545151072016,-92.94540318401508,POINT (-92.94540318401508 31.22545151072016)
441,441,8014500,30.94423934447728,-92.98325970764466,POINT (-92.98325970764466 30.94423934447728)
442,442,8023080,32.040322227576056,-93.85862925442979,POINT (-93.85862925442979 32.040322227576056)
443,443,8025500,31.430841273004688,-93.43423204649652,POINT (-93.43423204649652 31.430841273004688)
444,444,8029500,30.94162244020614,-93.85454694241007,POINT (-93.85454694241007 30.94162244020614)
445,445,8050800,33.631149801679236,-96.97312704111349,POINT (-96.97312704111349 33.631149801679236)
446,446,8066200,30.84125023774189,-94.89879562634914,POINT (-94.89879562634914 30.84125023774189)
447,447,8066300,30.6031169266003,-94.77610492688913,POINT (-94.77610492688913 30.6031169266003)
448,448,8070000,30.580738818298208,-95.29431176064452,POINT (-95.29431176064452 30.580738818298208)
449,449,8070200,30.527024895612335,-95.26437511194229,POINT (-95.26437511194229 30.527024895612335)
450,450,8079600,33.24201378709517,-101.85810118443266,POINT (-101.85810118443266 33.24201378709517)
451,451,8082700,33.27650839546735,-99.58420274339377,POINT (-99.58420274339377 33.27650839546735)
452,452,8086212,32.53006948273981,-99.30075361204239,POINT (-99.30075361204239 32.53006948273981)
453,453,8086290,32.47540623748287,-99.05330862566511,POINT (-99.05330862566511 32.47540623748287)
454,454,8101000,31.50753396836045,-98.15353180927569,POINT (-98.15353180927569 31.50753396836045)
455,455,8103900,30.932565815901413,-98.11431731850632,POINT (-98.11431731850632 30.932565815901413)
456,456,8104900,30.66349712812139,-97.97135100198706,POINT (-97.97135100198706 30.66349712812139)
457,457,8109700,30.412228788568964,-97.11358933526905,POINT (-97.11358933526905 30.412228788568964)
458,458,8150800,30.46561622291391,-99.12739503444521,POINT (-99.12739503444521 30.46561622291391)
459,459,8155200,30.25828220346796,-98.02842499691617,POINT (-98.02842499691617 30.25828220346796)
460,460,8158700,30.149798936410114,-98.12263802100415,POINT (-98.12263802100415 30.149798936410114)
461,461,8158810,30.187500000000004,-97.94217209175598,POINT (-97.94217209175598 30.187500000000004)
462,462,8164000,29.303199930997074,-97.01201717607819,POINT (-97.01201717607819 29.303199930997074)
463,463,8164300,29.65149594082152,-96.91516465982718,POINT (-96.91516465982718 29.65149594082152)
464,464,8164600,28.95425741818002,-96.96778973490404,POINT (-96.96778973490404 28.95425741818002)
465,465,8165300,30.04948073106101,-99.55383890410249,POINT (-99.55383890410249 30.04948073106101)
466,466,8171300,30.04706735410063,-98.31572233955336,POINT (-98.31572233955336 30.04706735410063)
467,467,8175000,29.312802802421572,-97.65993177054398,POINT (-97.65993177054398 29.312802802421572)
468,468,8176900,28.95137602080721,-97.4407450958675,POINT (-97.4407450958675 28.95137602080721)
469,469,8178880,29.815872075529768,-99.31575139465825,POINT (-99.31575139465825 29.815872075529768)
470,470,8189500,28.5135267589349,-97.60978056471826,POINT (-97.60978056471826 28.5135267589349)
471,471,8190000,29.798602355868844,-100.02875138724043,POINT (-100.02875138724043 29.798602355868844)
472,472,8190500,29.784256818038386,-100.3457308642227,POINT (-100.3457308642227 29.784256818038386)
473,473,8194200,27.751693591974096,-99.10866847127994,POINT (-99.10866847127994 27.751693591974096)
474,474,8195000,29.775039016263033,-99.72710007205987,POINT (-99.72710007205987 29.775039016263033)
475,475,8196000,29.615321171212145,-99.85057841914934,POINT (-99.85057841914934 29.615321171212145)
476,476,8198500,29.63671289518984,-99.53078379805036,POINT (-99.53078379805036 29.63671289518984)
477,477,8200000,29.654034280291913,-99.29359392118502,POINT (-99.29359392118502 29.654034280291913)
478,478,8202700,29.5490399990583,-99.37205963994434,POINT (-99.37205963994434 29.5490399990583)
479,479,8267500,36.56389552585903,-105.48343719832974,POINT (-105.48343719832974 36.56389552585903)
480,480,8269000,36.45945199756004,-105.40841651060919,POINT (-105.40841651060919 36.45945199756004)
481,481,8271000,36.55161339873201,-105.46176273410362,POINT (-105.46176273410362 36.55161339873201)
482,482,8324000,35.89043454695089,-106.67246180535307,POINT (-106.67246180535307 35.89043454695089)
483,483,8377900,35.85987890635239,-105.5696732760826,POINT (-105.5696732760826 35.85987890635239)
484,484,8378500,35.85093894548066,-105.62706518328369,POINT (-105.62706518328369 35.85093894548066)
485,485,8380500,35.723939938870245,-105.43961986395772,POINT (-105.43961986395772 35.723939938870245)
486,486,9034900,39.743603825245884,-105.9375,POINT (-105.9375 39.743603825245884)
487,487,9035800,39.8125,-105.97016370114923,POINT (-105.97016370114923 39.8125)
488,488,9035900,39.71979847919152,-106.01690914973192,POINT (-106.01690914973192 39.71979847919152)
489,489,9047700,39.5625,-105.9375,POINT (-105.9375 39.5625)
490,490,9065500,39.64736953557133,-106.20951512288546,POINT (-106.20951512288546 39.64736953557133)
491,491,9066000,39.5625,-106.20630378519499,POINT (-106.20630378519499 39.5625)
492,492,9066200,39.6875,-106.3125,POINT (-106.3125 39.6875)
493,493,9066300,39.6875,-106.33543762512421,POINT (-106.33543762512421 39.6875)
494,494,9081600,39.10648367167416,-107.18727708815027,POINT (-107.18727708815027 39.10648367167416)
495,495,9107000,38.953633296338126,-106.62941220066138,POINT (-106.62941220066138 38.953633296338126)
496,496,9210500,42.184116888761636,-110.54336040949559,POINT (-110.54336040949559 42.184116888761636)
497,497,9223000,42.23676009376442,-110.72867391151627,POINT (-110.72867391151627 42.23676009376442)
498,498,9306242,39.910234359042704,-108.54157936923367,POINT (-108.54157936923367 39.910234359042704)
499,499,9312600,39.953640219936496,-111.04481569057333,POINT (-111.04481569057333 39.953640219936496)
500,500,9352900,37.60340035781132,-107.5422921150744,POINT (-107.5422921150744 37.60340035781132)
501,501,9378170,37.81250000000001,-109.43402893000628,POINT (-109.43402893000628 37.81250000000001)
502,502,9378630,37.811414111078776,-109.4375,POINT (-109.4375 37.811414111078776)
503,503,9386900,35.32176418076871,-108.47687577275639,POINT (-108.47687577275639 35.32176418076871)
504,504,9404450,37.412599926982296,-112.58799718053788,POINT (-112.58799718053788 37.412599926982296)
505,505,9430500,33.3404524633738,-108.18842290519274,POINT (-108.18842290519274 33.3404524633738)
506,506,9430600,33.217716387004764,-108.59605192153913,POINT (-108.59605192153913 33.217716387004764)
507,507,9447800,33.14044582026213,-109.69558815595029,POINT (-109.69558815595029 33.14044582026213)
508,508,9480000,31.42721772788426,-110.58485408497467,POINT (-110.58485408497467 31.42721772788426)
509,509,9484000,32.396916175067076,-110.78915393274586,POINT (-110.78915393274586 32.396916175067076)
510,510,9484600,31.867450665094715,-110.60107750143864,POINT (-110.60107750143864 31.867450665094715)
511,511,9492400,33.86479808093081,-109.70879053681747,POINT (-109.70879053681747 33.86479808093081)
512,512,9494000,33.92122847739252,-109.83716526698876,POINT (-109.83716526698876 33.92122847739252)
513,513,9497800,34.043905751432305,-110.50954606471194,POINT (-110.50954606471194 34.043905751432305)
514,514,9497980,34.03288666965931,-110.88382962884239,POINT (-110.88382962884239 34.03288666965931)
515,515,9505200,34.70328217393989,-111.50989795985215,POINT (-111.50989795985215 34.70328217393989)
516,516,9505350,34.82627338279186,-111.61557141908115,POINT (-111.61557141908115 34.82627338279186)
517,517,9505800,34.59953916137038,-111.42812155075944,POINT (-111.42812155075944 34.59953916137038)
518,518,9508300,34.18580296001877,-111.58347262981138,POINT (-111.58347262981138 34.18580296001877)
519,519,9510200,33.80925757133434,-111.4735566128018,POINT (-111.4735566128018 33.80925757133434)
520,520,9512280,33.95753525777091,-111.88401662839088,POINT (-111.88401662839088 33.95753525777091)
521,521,9513780,34.00825770454392,-111.98842689395005,POINT (-111.98842689395005 34.00825770454392)
522,522,10023000,41.56640837519871,-111.34626859941756,POINT (-111.34626859941756 41.56640837519871)
523,523,10166430,40.41400391707349,-112.31434696454505,POINT (-112.31434696454505 40.41400391707349)
524,524,10172700,39.93499925648099,-112.35695484270514,POINT (-112.35695484270514 39.93499925648099)
525,525,10172800,40.501310798460494,-112.56132367043962,POINT (-112.56132367043962 40.501310798460494)
526,526,10173450,37.627599089272515,-112.6979253750028,POINT (-112.6979253750028 37.627599089272515)
527,527,10205030,38.97279036521403,-111.53513901002859,POINT (-111.53513901002859 38.97279036521403)
528,528,10234500,38.28696363064028,-112.44437848276846,POINT (-112.44437848276846 38.28696363064028)
529,529,10242000,37.70214861010947,-113.19277313082571,POINT (-113.19277313082571 37.70214861010947)
530,530,10244950,39.20720380096839,-114.6875,POINT (-114.6875 39.20720380096839)
531,531,10249300,38.783901134367795,-117.1317866097378,POINT (-117.1317866097378 38.783901134367795)
532,532,10258000,33.8125,-116.60751570629657,POINT (-116.60751570629657 33.8125)
533,533,10258500,33.64664468864495,-116.51106644844467,POINT (-116.51106644844467 33.64664468864495)
534,534,10259000,33.80479835418704,-116.58331174215442,POINT (-116.58331174215442 33.80479835418704)
535,535,10259200,33.56170411702293,-116.36226691142548,POINT (-116.36226691142548 33.56170411702293)
536,536,10263500,34.42835135869441,-117.75156434059551,POINT (-117.75156434059551 34.42835135869441)
537,537,10310500,39.09994969128906,-119.84663392378712,POINT (-119.84663392378712 39.09994969128906)
538,538,10316500,40.624526588511706,-115.3915891837132,POINT (-115.3915891837132 40.624526588511706)
539,539,10329500,41.64230309410763,-117.42180649903995,POINT (-117.42180649903995 41.64230309410763)
540,540,10336645,39.04005128540218,-120.1875,POINT (-120.1875 39.04005128540218)
541,541,10336660,39.062694183739964,-120.18787894324224,POINT (-120.18787894324224 39.062694183739964)
542,542,10336740,39.0625,-119.9375,POINT (-119.9375 39.0625)
543,543,10343500,39.43749999999999,-120.29216055432317,POINT (-120.29216055432317 39.43749999999999)
544,544,10348850,39.3125,-119.90567606106158,POINT (-119.90567606106158 39.3125)
545,545,10396000,42.649344015926005,-118.73128237681419,POINT (-118.73128237681419 42.649344015926005)
546,546,11098000,34.25179497508849,-118.15527117641687,POINT (-118.15527117641687 34.25179497508849)
547,547,11124500,34.66547246837086,-119.78528166396343,POINT (-119.78528166396343 34.66547246837086)
548,548,11141280,35.29746853148298,-120.52825867044206,POINT (-120.52825867044206 35.29746853148298)
549,549,11143000,36.241819379010614,-121.68003491958066,POINT (-121.68003491958066 36.241819379010614)
550,550,11148900,35.901938754317975,-121.27104770009656,POINT (-121.27104770009656 35.901938754317975)
551,551,11151300,36.26224607024106,-120.859853801092,POINT (-120.859853801092 36.26224607024106)
552,552,11162500,37.27320971650992,-122.220379989363,POINT (-122.220379989363 37.27320971650992)
553,553,11176400,37.42768064949404,-121.54604073882308,POINT (-121.54604073882308 37.42768064949404)
554,554,11180500,37.61316249720265,-122.00576705211665,POINT (-122.00576705211665 37.61316249720265)
555,555,11180960,37.77366859000509,-122.0625,POINT (-122.0625 37.77366859000509)
556,556,11224500,36.275426094311634,-120.53341124733893,POINT (-120.53341124733893 36.275426094311634)
557,557,11230500,37.32368357859421,-118.86875872762307,POINT (-118.86875872762307 37.32368357859421)
558,558,11237500,37.1875,-119.17080715399659,POINT (-119.17080715399659 37.1875)
559,559,11253310,36.3957591500146,-120.51700131437087,POINT (-120.51700131437087 36.3957591500146)
560,560,11264500,37.710533854791095,-119.42596951374988,POINT (-119.42596951374988 37.710533854791095)
561,561,11266500,37.73889331939742,-119.48639849388097,POINT (-119.48639849388097 37.73889331939742)
562,562,11274500,37.283757098647904,-121.29654054637211,POINT (-121.29654054637211 37.283757098647904)
563,563,11274630,37.442894168431266,-121.3479961135146,POINT (-121.3479961135146 37.442894168431266)
564,564,11284400,37.8125,-120.15684007923625,POINT (-120.15684007923625 37.8125)
565,565,11299600,37.994239008986256,-120.60960994878185,POINT (-120.60960994878185 37.994239008986256)
566,566,11381500,40.241758322769606,-121.6769748310617,POINT (-121.6769748310617 40.241758322769606)
567,567,11383500,40.151706903884694,-121.6105512134464,POINT (-121.6105512134464 40.151706903884694)
568,568,11451100,39.190618712547156,-122.73389680876161,POINT (-122.73389680876161 39.190618712547156)
569,569,11468500,39.434297601583324,-123.56636132530535,POINT (-123.56636132530535 39.434297601583324)
570,570,11473900,39.78790346815013,-123.07236967345919,POINT (-123.07236967345919 39.78790346815013)
571,571,11475560,39.6875,-123.57819569185132,POINT (-123.57819569185132 39.6875)
572,572,11476600,40.31529372235145,-124.0436287968186,POINT (-124.0436287968186 40.31529372235145)
573,573,11478500,40.421798844198456,-123.63347839981412,POINT (-123.63347839981412 40.421798844198456)
574,574,11480390,40.19458775906578,-123.24523212460319,POINT (-123.24523212460319 40.19458775906578)
575,575,11481200,41.04087347112674,-123.99497796458077,POINT (-123.99497796458077 41.04087347112674)
576,576,11482500,41.0608670900439,-123.89185639570636,POINT (-123.89185639570636 41.0608670900439)
577,577,11522500,41.29366405441867,-123.19052386916768,POINT (-123.19052386916768 41.29366405441867)
578,578,11523200,41.22930345253173,-122.64188409203484,POINT (-122.64188409203484 41.22930345253173)
579,579,11528700,40.470779996941175,-123.23102116385259,POINT (-123.23102116385259 40.470779996941175)
580,580,11532500,41.82657828525376,-123.86755868017384,POINT (-123.86755868017384 41.82657828525376)
581,581,12010000,46.45496918527658,-123.66810530907983,POINT (-123.66810530907983 46.45496918527658)
582,582,12013500,46.566991297039834,-123.55492778758575,POINT (-123.55492778758575 46.566991297039834)
583,583,12020000,46.50480912252705,-123.31000955975836,POINT (-123.31000955975836 46.50480912252705)
584,584,12025000,46.62884898657273,-122.7081703123949,POINT (-122.7081703123949 46.62884898657273)
585,585,12025700,46.71777761256255,-122.52661953352951,POINT (-122.52661953352951 46.71777761256255)
586,586,12035000,47.22576311993817,-123.4629443166743,POINT (-123.4629443166743 47.22576311993817)
587,587,12040500,47.641215614038856,-124.00092941230822,POINT (-124.00092941230822 47.641215614038856)
588,588,12041200,47.817485276832016,-123.90662991303776,POINT (-123.90662991303776 47.817485276832016)
589,589,12043000,47.96674799758038,-124.1753497606908,POINT (-124.1753497606908 47.96674799758038)
590,590,12048000,47.89109780935088,-123.1898825975661,POINT (-123.1898825975661 47.89109780935088)
591,591,12054000,47.6831144726347,-123.18444278161202,POINT (-123.18444278161202 47.6831144726347)
592,592,12056500,47.5596868831191,-123.37415527854084,POINT (-123.37415527854084 47.5596868831191)
593,593,12073500,47.4375,-122.6875,POINT (-122.6875 47.4375)
594,594,12082500,46.74844174423506,-121.90105190621645,POINT (-121.90105190621645 46.74844174423506)
595,595,12092000,46.86974614777374,-121.9019718633771,POINT (-121.9019718633771 46.86974614777374)
596,596,12095000,47.092121451933885,-121.98520276997301,POINT (-121.98520276997301 47.092121451933885)
597,597,12114500,47.3125,-121.49553714523708,POINT (-121.49553714523708 47.3125)
598,598,12115000,47.31610699620664,-121.53025277171648,POINT (-121.53025277171648 47.31610699620664)
599,599,12115500,47.3125073896926,-121.65364239810576,POINT (-121.65364239810576 47.3125073896926)
600,600,12117000,47.35402638002986,-121.79458635599678,POINT (-121.79458635599678 47.35402638002986)
601,601,12141300,47.51626425477762,-121.48347943190339,POINT (-121.48347943190339 47.51626425477762)
602,602,12143600,47.42360418987121,-121.54252132399068,POINT (-121.54252132399068 47.42360418987121)
603,603,12144000,47.426936956411936,-121.59148003287748,POINT (-121.59148003287748 47.426936956411936)
604,604,12145500,47.47694434475417,-121.88709218847558,POINT (-121.88709218847558 47.47694434475417)
605,605,12147500,47.7383629586125,-121.67000845838828,POINT (-121.67000845838828 47.7383629586125)
606,606,12147600,47.6875,-121.5625,POINT (-121.5625 47.6875)
607,607,12167000,48.30547146385703,-121.79502015290345,POINT (-121.79502015290345 48.30547146385703)
608,608,12175500,48.58092205953586,-121.03272992385901,POINT (-121.03272992385901 48.58092205953586)
609,609,12178100,48.60719032535308,-121.21044133963713,POINT (-121.21044133963713 48.60719032535308)
610,610,12186000,48.0504217085881,-121.3340275288215,POINT (-121.3340275288215 48.0504217085881)
611,611,12189500,48.198280419314756,-121.30547611204656,POINT (-121.30547611204656 48.198280419314756)
612,612,12358500,48.33082278026594,-113.5258038661776,POINT (-113.5258038661776 48.33082278026594)
613,613,12374250,47.81250000000001,-114.78796475102612,POINT (-114.78796475102612 47.81250000000001)
614,614,12375900,47.54058242116544,-113.94616179301269,POINT (-113.94616179301269 47.54058242116544)
615,615,12377150,47.3125,-113.9375,POINT (-113.9375 47.3125)
616,616,12381400,47.13987385708532,-113.79353038489768,POINT (-113.79353038489768 47.13987385708532)
617,617,12383500,47.1668408923407,-113.93749999999999,POINT (-113.93749999999999 47.1668408923407)
618,618,12388400,47.23104571180702,-114.40397443487453,POINT (-114.40397443487453 47.23104571180702)
619,619,12390700,47.544474531824,-115.51765637520711,POINT (-115.51765637520711 47.544474531824)
620,620,12411000,47.88185244608288,-116.20240720396019,POINT (-116.20240720396019 47.88185244608288)
621,621,12414500,47.20294640633053,-115.73023150799683,POINT (-115.73023150799683 47.20294640633053)
622,622,12447390,48.87540390988149,-120.18448664031003,POINT (-120.18448664031003 48.87540390988149)
623,623,12451000,48.389409677516284,-120.86008254690834,POINT (-120.86008254690834 48.389409677516284)
624,624,12488500,46.917851459908924,-121.3707236219052,POINT (-121.3707236219052 46.917851459908924)
625,625,13011500,43.99013765529921,-110.3552176345871,POINT (-110.3552176345871 43.99013765529921)
626,626,13011900,43.86900445205463,-110.10862642952276,POINT (-110.10862642952276 43.86900445205463)
627,627,13018300,43.4375,-110.67074710747586,POINT (-110.67074710747586 43.4375)
628,628,13023000,42.905529525109394,-110.74216350382419,POINT (-110.74216350382419 42.905529525109394)
629,629,13083000,42.15773220222139,-114.11208882813918,POINT (-114.11208882813918 42.15773220222139)
630,630,13161500,41.703400080494596,-115.55456042791167,POINT (-115.55456042791167 41.703400080494596)
631,631,13235000,44.14013776834943,-115.30535940660279,POINT (-115.30535940660279 44.14013776834943)
632,632,13240000,44.95775779177913,-115.93530116228139,POINT (-115.93530116228139 44.95775779177913)
633,633,13310700,44.750237595509034,-115.72168352881444,POINT (-115.72168352881444 44.750237595509034)
634,634,13313000,44.74337424336034,-115.50427615701138,POINT (-115.50427615701138 44.74337424336034)
635,635,13331500,45.323980257911444,-117.57924251176463,POINT (-117.57924251176463 45.323980257911444)
636,636,13337000,46.41244315106863,-114.96004826453921,POINT (-114.96004826453921 46.41244315106863)
637,637,13338500,45.85608396928413,-115.78350871306172,POINT (-115.78350871306172 45.85608396928413)
638,638,13340000,46.11242741978771,-115.33129682061282,POINT (-115.33129682061282 46.11242741978771)
639,639,13340600,46.69968093279834,-115.27119005054713,POINT (-115.27119005054713 46.69968093279834)
640,640,14020000,45.69094826246691,-118.19034299477362,POINT (-118.19034299477362 45.69094826246691)
641,641,14092750,44.74347470256081,-121.70536624917548,POINT (-121.70536624917548 44.74347470256081)
642,642,14096850,45.02885128824582,-121.46220190205958,POINT (-121.46220190205958 45.02885128824582)
643,643,14137000,45.306875937942195,-121.87418934196954,POINT (-121.87418934196954 45.306875937942195)
644,644,14138800,45.4375,-121.88461735795599,POINT (-121.88461735795599 45.4375)
645,645,14138870,45.4375,-121.97787474848428,POINT (-121.97787474848428 45.4375)
646,646,14138900,45.55669454834217,-122.0404106643308,POINT (-122.0404106643308 45.55669454834217)
647,647,14139800,45.4375,-122.01325444130754,POINT (-122.01325444130754 45.4375)
648,648,14141500,45.4375,-122.0396147252645,POINT (-122.0396147252645 45.4375)
649,649,14154500,43.65987572157847,-122.71323432982415,POINT (-122.71323432982415 43.65987572157847)
650,650,14158500,44.41317835134967,-121.99953328223819,POINT (-121.99953328223819 44.41317835134967)
651,651,14158790,44.33656131047812,-122.06365120218699,POINT (-122.06365120218699 44.33656131047812)
652,652,14166500,44.10542236985541,-123.45390019130676,POINT (-123.45390019130676 44.10542236985541)
653,653,14182500,44.81755169626836,-122.34160963967592,POINT (-122.34160963967592 44.81755169626836)
654,654,14185000,44.38005951319168,-122.31667514889585,POINT (-122.31667514889585 44.38005951319168)
655,655,14185900,44.57982386960848,-122.31473546004327,POINT (-122.31473546004327 44.57982386960848)
656,656,14187000,44.318792506752736,-122.5244101921425,POINT (-122.5244101921425 44.318792506752736)
657,657,14216500,46.215364236191895,-122.0168062785282,POINT (-122.0168062785282 46.215364236191895)
658,658,14222500,45.80268078146878,-122.28256429081944,POINT (-122.28256429081944 45.80268078146878)
659,659,14236200,46.602895316124965,-122.29038346592719,POINT (-122.29038346592719 46.602895316124965)
660,660,14301000,45.86628507431051,-123.39197679930399,POINT (-123.39197679930399 45.86628507431051)
661,661,14303200,45.3125,-123.5625,POINT (-123.5625 45.3125)
662,662,14305500,44.813812390171,-123.72200573884938,POINT (-123.72200573884938 44.813812390171)
663,663,14306340,44.288400445378564,-123.57216537361289,POINT (-123.57216537361289 44.288400445378564)
664,664,14306500,44.348159512186314,-123.67557941117724,POINT (-123.67557941117724 44.348159512186314)
665,665,14308990,42.80073702455726,-123.0342829369413,POINT (-123.0342829369413 42.80073702455726)
666,666,14309500,42.82630336437039,-123.74050633648471,POINT (-123.74050633648471 42.82630336437039)
667,667,14316700,43.45429912182024,-122.64867373791786,POINT (-122.64867373791786 43.45429912182024)
668,668,14325000,42.78740739433157,-124.02975488150916,POINT (-124.02975488150916 42.78740739433157)
669,669,14362250,42.1875,-123.12616632667708,POINT (-123.12616632667708 42.1875)
670,670,14400000,42.23614152660069,-124.00598153555342,POINT (-124.00598153555342 42.23614152660069)
